score_type,avg_overall,std_overall,formatted
explicit_score,80.66333333333334,19.857828011475306,80.7 ± 19.9
top1_score,63.89000000000001,12.058038812344241,63.9 ± 12.1
weighted_score,83.55666666666667,17.643087409332114,83.6 ± 17.6
